plan_index,run_idx,build,seed,score,rank,speed,stamina,power,guts,wisdom,skill_pt,scenario_pt_y1,scenario_pt_y2,scenario_pt_y3,rmj_ok,free_race_ok,eat_count_y1,eat_count_y2,eat_count_y3,region_y1,region_y2,region_y3,friend_turns_y1,friend_turns_y2,friend_turns_y3,friend_out_y1,friend_out_y2,friend_out_y3,friend_out_all,friend_waste_y1,friend_waste_y2,friend_waste_y3,gauge_gain_y1,gauge_gain_y2,gauge_gain_y3,gauge_overflow_y1,gauge_overflow_y2,gauge_overflow_y3,ramen_offers_y1,ramen_offers_y2,ramen_offers_y3,ramen_cookable_y1,ramen_cookable_y2,ramen_cookable_y3,ramen_skipped_y1,ramen_skipped_y2,ramen_skipped_y3,stock_sum_y1,stock_sum_y2,stock_sum_y3,stock_skew_y1,stock_skew_y2,stock_skew_y3,elapsed_ms
2439,402000,2速1耐1力1智1友,16186349422404183326,74303,US8,3327,2400,1663,1640,2205,9201,3150,6600,8250,3,1,8,12,12,0/1/4,5/8/9,14/18/19,11,14,15,0,3,2,1,0,0,0,40,46,48,1,0,0,22,24,24,13,16,14,5,4,2,138,107,107,39,18,28,432930.753
154,402000,3速1耐1智1友,5539766164857528743,66681,US3,3337,1234,1710,1080,2445,8835,3150,6600,8250,3,1,8,12,12,0/1/4,5/8/9,10/11/14,7,16,13,0,2,3,1,0,0,0,39,48,50,0,0,0,22,24,24,12,18,22,4,6,10,98,130,162,20,37,50,461500.133
1938,402000,2速1耐1力1智1友,9707626254114843849,67704,US4,2946,2287,2161,1107,1999,8586,3150,6600,8250,3,1,8,12,12,0/1/4,5/8/9,14/17/18,11,17,13,0,2,3,1,0,0,0,40,48,50,0,0,1,22,24,24,13,22,16,5,10,4,115,159,138,20,28,45,488236.528
1296,402000,3速1耐1智1友,15363045683342400856,73000,US8,3337,2400,1798,1303,2213,9306,3150,6000,9000,3,1,8,11,13,0/1/4,5/8/9,10/11/14,11,14,16,0,2,3,1,0,0,0,40,46,51,0,2,0,22,24,24,12,21,21,4,10,8,107,173,148,28,34,35,498393.264
1680,402000,3速1耐1智1友,18126483602169791790,75448,US9,3337,2400,2200,1608,1840,9418,3150,6600,8250,3,1,8,12,12,0/1/4,5/8/9,10/11/14,8,16,14,0,2,3,1,0,0,0,39,49,48,1,0,0,22,24,24,15,17,17,7,5,5,130,129,100,18,30,34,408361.031
2757,402000,3速1耐1智1友,8263078935734668400,75952,US9,3337,2159,1826,1834,2376,9464,3150,6000,9000,3,1,8,11,13,0/1/4,5/8/9,11/14/15,10,13,15,0,2,3,1,0,0,0,38,45,52,0,0,0,22,24,24,17,21,24,9,10,11,141,146,181,36,38,32,492480.380
2294,402000,3速1耐1智1友,7368186571523142454,69406,US5,3237,2400,1549,1567,2041,8932,3150,6600,8250,3,1,8,12,12,0/1/4,5/8/9,10/11/14,10,16,16,0,3,2,1,0,0,0,40,47,48,0,1,0,22,24,24,16,19,18,8,7,6,133,137,137,44,41,22,449726.966
3693,402000,2速1力1根1智1友,15387756021532584185,68773,US4,3280,1097,2200,2056,2117,8067,3150,6000,8250,3,1,8,11,12,2/3/4,6/7/9,13/14/15,10,18,14,0,1,4,1,0,0,0,40,50,49,1,3,0,22,24,24,15,17,19,7,6,7,138,173,166,25,52,52,411692.060
3172,402000,2速1耐1力1智1友,10472233871212989803,73683,US8,3337,2114,1991,1357,2445,8784,3150,6600,9000,3,1,8,12,13,0/1/4,5/8/9,11/14/15,9,19,16,0,1,4,1,0,0,0,38,49,54,0,0,0,22,24,24,13,19,23,5,7,10,99,161,149,28,52,39,435456.323
768,402000,3速1耐1智1友,17350712504415699223,73913,US8,3337,2388,1709,1262,2432,9154,3600,6600,8250,3,1,9,12,12,0/1/4,5/8/9,10/11/14,12,17,13,0,2,3,1,0,0,0,42,47,48,0,0,0,22,24,24,13,19,21,4,7,9,117,121,130,25,23,23,450034.835
412,402000,2速1耐1力1智1友,18413151664486993340,73450,US8,3220,2273,2116,1309,2256,8961,3600,6600,9000,3,1,9,12,13,0/1/4,5/8/9,14/18/19,13,17,16,0,2,3,1,0,0,0,43,48,51,0,0,0,22,24,24,16,20,15,7,8,2,133,159,110,42,36,31,471776.583
4037,402000,2速1耐1力1智1友,7022417682739315621,72887,US7,3335,2133,2078,994,2445,9035,3600,6600,9000,3,1,9,12,13,0/1/4,5/8/9,14/18/19,14,15,16,0,2,3,1,0,0,0,43,46,52,0,0,0,22,24,24,14,15,15,5,3,2,109,113,135,18,30,40,223002.283
4157,402000,2速1耐1力1智1友,14480270277206055478,77022,LG1,3337,2400,2200,1262,2445,9163,3150,6600,9000,3,1,8,12,13,0/1/4,5/8/9,14/18/19,11,17,14,0,2,3,1,0,0,0,41,47,51,0,1,0,22,24,24,15,18,17,7,6,4,127,154,139,33,47,29,217593.143
913,402000,2速1耐1力1智1友,17140165163021833209,72065,US7,3091,2391,1917,1203,2381,9024,2700,6000,9000,3,1,7,11,13,0/1/4,5/8/9,14/18/19,10,15,14,0,2,3,1,0,0,0,39,47,49,3,0,0,22,24,24,15,18,18,8,7,5,149,118,139,41,33,31,552183.582
3890,402000,3速1耐1智1友,10164818142789698530,76868,LG1,3337,2400,1952,1569,2445,9136,3150,6600,8250,3,1,8,12,12,0/1/4,5/8/9,10/11/14,8,15,13,0,2,3,1,0,0,0,38,46,50,0,0,0,22,24,24,16,20,20,8,8,8,129,138,152,25,26,27,590833.561
3416,402000,3速1耐1智1友,3679806635536683888,68461,US4,3337,2300,1495,1390,2149,8225,2700,6000,8250,3,1,7,11,12,0/1/4,5/8/9,10/11/14,5,15,15,0,2,3,1,0,0,0,32,46,48,1,1,0,22,24,24,15,20,17,8,9,5,140,151,116,64,52,21,567109.591
