plan_index,run_idx,build,seed,score,rank,speed,stamina,power,guts,wisdom,skill_pt,scenario_pt_y1,scenario_pt_y2,scenario_pt_y3,rmj_ok,free_race_ok,eat_count_y1,eat_count_y2,eat_count_y3,region_y1,region_y2,region_y3,friend_turns_y1,friend_turns_y2,friend_turns_y3,gauge_gain_y1,gauge_gain_y2,gauge_gain_y3,gauge_overflow_y1,gauge_overflow_y2,gauge_overflow_y3,ramen_offers_y1,ramen_offers_y2,ramen_offers_y3,ramen_cookable_y1,ramen_cookable_y2,ramen_cookable_y3,ramen_skipped_y1,ramen_skipped_y2,ramen_skipped_y3,stock_sum_y1,stock_sum_y2,stock_sum_y3,stock_skew_y1,stock_skew_y2,stock_skew_y3,elapsed_ms
3693,402000,2速1力1根1智1友,15387756021532584185,67139,US3,3219,1184,2200,2038,1925,8175,3150,6000,8250,3,1,8,11,12,0/3/4,5/6/9,13/14/15,10,15,14,40,44,49,1,0,0,22,24,24,15,18,20,7,7,8,133,132,153,35,34,36,409493.863
1296,402000,3速1耐1智1友,15363045683342400856,73163,US8,3337,2399,1972,1389,2053,9203,3600,6600,8250,3,1,9,12,12,0/1/4,5/8/9,10/11/14,11,13,16,40,46,51,0,0,0,22,24,24,13,20,19,4,8,7,112,130,129,30,27,30,412235.617
2439,402000,2速1耐1力1智1友,16186349422404183326,75664,US9,3312,2400,1923,1468,2282,9306,3150,6600,8250,3,1,8,12,12,0/1/4,5/8/9,14/18/19,12,16,16,40,49,48,0,0,0,22,24,24,16,20,19,8,8,7,153,128,138,37,29,46,452259.981
154,402000,3速1耐1智1友,5539766164857528743,67201,US3,3337,1196,1794,1188,2440,8790,3150,6600,8250,3,1,8,12,12,0/1/4,5/8/9,10/11/14,10,17,16,41,47,49,1,0,0,22,24,24,15,19,23,7,7,11,130,146,146,22,37,37,515763.042
3890,402000,3速1耐1智1友,10164818142789698530,76878,LG1,3337,2400,1858,1612,2445,9352,3150,6600,8250,3,1,8,12,12,0/1/4,5/8/9,10/11/14,8,16,14,38,47,48,0,0,0,22,24,24,17,19,18,9,7,6,134,139,116,25,31,31,445501.483
1680,402000,3速1耐1智1友,18126483602169791790,75190,US9,3337,2400,1942,1467,2178,9409,2700,6600,8250,3,1,7,12,12,0/1/4,5/8/9,11/14/15,8,15,16,37,48,51,0,0,0,22,24,24,15,20,20,8,8,8,124,155,154,21,44,45,451082.143
2757,402000,3速1耐1智1友,8263078935734668400,74102,US8,3337,1743,2051,1666,2445,9444,3150,6000,9000,3,1,8,11,13,0/1/4,5/8/9,10/11/14,9,13,15,39,46,50,1,1,0,22,24,24,19,18,19,11,7,6,155,163,161,43,50,48,521312.694
412,402000,2速1耐1力1智1友,18413151664486993340,73689,US8,3337,2263,2186,1338,2084,8922,3150,6600,9000,3,1,8,12,13,0/1/4,5/8/9,14/18/19,14,17,16,42,49,50,2,0,0,22,24,24,15,20,17,7,8,4,147,130,109,45,35,25,467198.345
1938,402000,2速1耐1力1智1友,9707626254114843849,68761,US4,3091,2165,2054,1143,2178,8628,3600,6600,8250,3,1,9,12,12,0/1/4,5/8/9,14/18/19,11,18,14,41,47,50,0,0,0,22,24,24,14,18,16,5,6,4,115,119,128,30,24,37,421463.278
4037,402000,2速1耐1力1智1友,7022417682739315621,71818,US7,3337,2026,1981,1031,2445,9075,3600,6600,8250,3,1,9,12,12,0/1/4,5/8/9,14/18/19,14,16,16,43,47,50,1,0,0,22,24,24,17,17,16,8,5,4,146,131,145,27,34,42,445137.535
3172,402000,2速1耐1力1智1友,10472233871212989803,71754,US7,3337,1893,2088,1168,2445,8678,3150,6600,9000,3,1,8,12,13,0/1/4,5/8/9,11/14/15,10,18,16,39,50,52,0,1,1,22,24,24,19,17,23,11,5,10,129,135,157,38,26,21,460776.634
768,402000,3速1耐1智1友,17350712504415699223,73889,US8,3337,2305,1725,1259,2445,9224,3600,6600,8250,3,1,9,12,12,0/1/4,5/8/9,10/11/14,14,17,13,42,48,49,1,0,0,22,24,24,15,20,20,6,8,8,134,151,127,24,33,28,482992.291
2294,402000,3速1耐1智1友,7368186571523142454,68464,US4,3314,2216,1587,1508,2022,8789,3150,5400,8250,3,1,8,10,12,0/1/4,5/8/9,10/11/14,11,16,14,41,42,49,1,1,1,22,24,24,18,20,22,10,10,10,142,130,171,26,40,33,437506.832
4157,402000,2速1耐1力1智1友,14480270277206055478,75735,US9,3265,2400,2200,1230,2406,8986,3150,6600,9000,3,1,8,12,13,0/1/4,5/8/9,14/18/19,11,17,14,41,47,51,0,0,0,22,24,24,15,20,21,7,8,8,118,139,152,29,35,35,442632.097
3416,402000,3速1耐1智1友,3679806635536683888,71592,US6,3337,2327,1759,1404,2254,8496,3150,6000,8250,3,1,8,11,12,0/1/4,5/8/9,10/11/14,5,16,13,37,47,48,0,0,0,22,24,24,18,17,19,10,6,7,134,125,140,48,40,32,368961.112
913,402000,2速1耐1力1智1友,17140165163021833209,71174,US6,3173,2192,2056,1090,2350,8891,3150,6000,8250,3,1,8,11,12,0/1/4,5/8/9,14/18/19,10,14,15,40,46,47,2,0,0,22,24,24,12,19,19,4,8,7,126,147,138,39,32,31,345190.730
